Media Filename,Media Caption
media/41F05D0D-CA20-48A9-8391-9A8C04CA7E84.jpg,""
media/72C17D7D-1CAA-4330-A5CC-2E450C1FB84C.jpg,""
media/8B2C900D-24DD-4D95-A569-09295A847F12.jpg,""
media/BFE271AC-1383-4DBE-A52C-F7BD221DDD9D.jpg,""
media/497E2811-A52E-4107-9594-11923EC50AB3.jpg,""
media/981F6CB6-5932-422E-8BFD-97393F1EC3AC.mp4,""
media/947B35FC-375B-42DB-BF60-057F07302DF0.jpg,""
media/E021A7A4-B3CE-42DB-B379-30C67EFA7B2A.jpg,""
media/96DC1081-5AAA-45C7-A8A7-A011ED70EF4E.jpg,""
media/1A4835A0-8653-4071-9C29-BDBFF9D360A7.jpg,""
media/33E48AB9-2467-40A0-9368-C99CEE12C22E.jpg,""
media/E52AEE27-CFAE-4557-ACD6-A7737167AD2C.jpg,""
media/C62C81B5-FD78-4A7C-A594-FE84BEAD849D.jpg,""
media/DF25DE4F-D6D3-4140-A075-45A9978DC796.jpg,""
media/CD500159-BECF-45CC-A07C-141A813BD49E.jpg,""
media/BD9BCB3C-D4D7-448E-A754-736BA5FD1566.jpg,""
media/A8282F14-2F49-4DD5-A6A1-A865020AA856.jpg,""
media/17ECECAE-8AC1-4D03-86EC-8E5204F8A726.jpg,""
media/85A5A307-23C1-40C8-9153-9F13C3ACEF92.jpg,""
media/9416A95E-5860-45E2-B463-E2F37E2ABE63.jpg,""
media/284FE115-59F0-41B5-A115-D02847F51744.jpg,""
media/14096C08-2D53-42C4-9F4C-7988295B5E0F.jpg,""
media/79F5C49D-C5EF-4370-B69B-6E9F971F2754.jpg,""
media/CAD4D089-7FD1-42DD-B076-8A2476F4EAFF.jpg,""
media/8C7F3C02-FD3C-436C-9F9D-22F65F4B41A7.jpg,""
media/B3D52BB6-21DC-43D0-8ECB-89125E4E1275.jpg,""
media/42B73D32-FD9A-4770-8422-9905D28464F0.jpg,""
media/9D1AF0F7-F783-41E5-A948-CE84728A09AB.jpg,""
media/D2B73D16-678C-49F4-8E1F-59D9095973EB.jpg,""
media/669EF0D4-1238-406A-AE2B-118457D219D7.jpg,""
media/37050B09-23FA-40ED-AAA5-5D2C111C9D8B.jpg,""
media/A2D363B3-6568-4384-92EF-772AB8F1A2DA.jpg,""
media/833E242C-85B8-431D-B694-A31508D04985.mp4,""
media/4F7F5561-35A1-4FE9-85AC-EC28F6C2F94F.jpg,""
media/471DF01A-BB45-45EC-B91C-1DEBA97003EE.jpg,""
media/AB521746-F6D4-488C-B296-363C69FEFCF3.jpg,""
media/2EE19867-102F-4AB8-9D69-ED1E28D75A18.jpg,""
media/2FC68CEF-F1FD-46F7-9944-62AE76282928.jpg,""
media/905DAFC6-D99F-40DF-8759-0A5EC4A603DF.jpg,""
media/2F368AE6-0A30-4598-B506-0C9624B2980C.jpg,""
media/600B0071-8CBC-4895-AD30-00ECECA7380F.jpg,""
media/C21F6A93-EB01-4C17-BEB8-6B7B86752B24.jpg,""
media/82D4F432-824C-4FE3-B4EA-9B57268322B3.jpg,""
media/7D4EA53D-1E34-4531-B6F2-9B998636E8DA.jpg,""
media/466D725E-BD27-41BB-97FB-3B78E0C6260E.jpg,""
media/1C7267EA-4110-4045-8F7A-A868817D8BE3.jpg,""
media/6FE03600-81A9-4E63-9BB8-B6747E9EBE2A.jpg,""
media/1FBE7F16-A3D7-4080-B91F-8F14899844F5.jpg,""
media/A8CF7683-C9D2-4223-943F-99EDDABB4D74.jpg,""
media/37079464-6FD5-4B22-83B6-4D255DED365B.jpg,""
media/4CF5A76D-C179-47F0-AD6E-FA9CC9C11E90.jpg,""
media/943DBF99-1EE8-417B-B748-3720D8FE7180.jpg,""
media/CACE2B97-A805-408B-8EAD-F161E138B2C9.jpg,""
media/91586474-65E7-45BF-A461-E6CE2A61364A.jpg,""
media/38338291-F6EA-4332-B6C3-4269C49E8F8F.jpg,""
media/063CFDFB-445E-45BC-AC00-660A1380EB52.jpg,""
media/E606CCF3-0688-4E8E-917F-2AA62AFBB1AC.jpg,""
media/9C367EFB-2B05-40CB-B25A-4CAA875B41A8.jpg,""
media/8268057A-0A22-422A-977D-DD9297E69EC9.jpg,""
media/E340EFF7-4F3F-4841-BEE4-FB4283143D1D.jpg,""
media/145D73B0-DDFE-40AC-85FC-CEF60E5CC841.jpg,""
media/AFAE7295-9916-4A34-BC00-7E1A707701FA.jpg,""
media/A7CDFCB0-27AD-418C-AA9A-B9620DE1F984.jpg,""
media/0FBA9B57-D2DC-4B4F-A549-C1F066193750.jpg,""
media/66E80C47-A55A-49D6-A367-9E410C761DB4.jpg,""
media/49810DA0-A26F-4AC5-B4E6-CD815FE75E59.jpg,""
media/5F75C388-60B3-4A1B-9DE5-86BBC67FDD82.jpg,""
media/251FDA75-038D-4189-936A-D4812C62279F.jpg,""
media/9F0479A7-CCED-4679-8BF2-22008EA1B7EF.jpg,""
media/7FF6EEEB-2CC4-4D8C-9AA2-ADB9CCB7E268.jpg,""
media/B3B00D54-1509-4B03-BC14-80BB473FE347.jpg,""
media/56B53505-0ED0-4992-AF87-373303372837.jpg,""
media/9FD2B0AB-DE08-4E8E-8A53-DAF4826814F8.jpg,""
media/6899638C-5B93-4057-BE18-75FA7E541426.jpg,""
media/7CA5A6DC-CD13-4947-A5C4-F188AD619A28.jpg,""
media/C2FFDB55-06C2-4FA0-8729-B8265AE0075F.jpg,""
media/EB0E7F56-7BD2-43B1-B8EC-505322BF23C6.jpg,""
media/04A1959B-A655-40B1-A910-9BA5A130FB80.mp4,""
media/69B00418-C048-4B44-821A-4B58CEFA03CA.jpg,""
media/0B4E2CCF-71F6-42A4-9956-B8BC77B91A08.jpg,""
media/24A61E44-8216-483F-B6FC-6B6F8BC46BD3.jpg,""
media/090FDF35-3756-474F-9359-282C4C7B8DE3.jpg,""
media/E895FC4A-306F-4BE2-8C79-F671A4060A0C.jpg,""
media/6FCE116C-6467-4C8D-9465-FB343C1B2D2A.jpg,""
media/6344B1EA-DFFE-474D-A122-FF11E49C18F9.mp4,""
media/75419601-2DDE-4261-8239-8B34444FC8B8.jpg,""
media/E3468141-206A-4268-9183-8FE8F9A1DCFB.jpg,""
media/2DA8010B-5F23-439B-A76B-629E884F9E44.jpg,""
media/BA5120D4-7C35-42A0-B4F4-0F8BACEBB98D.jpg,""
media/774FD1D0-FCAD-4BDF-A2DC-F2D231BD3E41.jpg,""
media/480911D3-2E8B-4188-B081-163AF3DA01B9.jpg,""
media/63869812-E724-4808-B3AF-F5ED95619598.jpg,""
media/A879DCBB-A2A0-4CEB-ADCA-ECAC7F9CA384.jpg,""
media/5F434CD4-A02F-4840-BA36-B183AE3BDF4D.jpg,""
media/C8825CB6-5D07-4F19-BD3B-938580B6B430.jpg,""
media/9F4CC6B5-AC72-4E8D-A5B1-9A7762C855F6.jpg,""
media/8A36E819-4141-4D57-8DEB-B7B1DDF6733E.jpg,""
media/B094C4E8-F7BB-4C20-BF35-D18B2FF48E6D.jpg,""
media/48B2280B-5147-46C9-96D0-FAACD6116A96.jpg,""
media/7C1288DC-CF52-499B-A709-9096AD3C4355.jpg,""
media/5C3CD7F6-3902-41FE-92C3-AF1114F9E2B1.jpg,""
media/2BACC535-1258-4B65-9AD2-51460E5CF9B1.jpg,""
media/820686CF-EEF2-433D-AA23-5B6E0E3DBC6A.jpg,""
media/55465971-5A1A-47C4-9952-9176898BBEDE.jpg,""
media/73CC8304-AF89-4615-A255-CB7722D378E7.jpg,""
media/BF13FA90-D432-4236-8D69-9DFC4403AB5A.jpg,""
media/BFB6C4AB-4C70-4C6A-89FB-24517BE0207D.jpg,""
media/A171ECC0-BA6F-4496-BAF6-16399B7B3994.jpg,""
media/76763CC2-80FE-4239-8D29-DBB7080F07E6.jpg,""
media/495727ED-3EBF-4C77-934D-587DC3E254B8.jpg,""
media/90B7579D-CFC0-46CD-AAF1-E486AEA6E3F4.jpg,""
media/09EB0E02-D663-4AD0-A3D6-4EE036D0D1B1.jpg,""
media/2F9ED903-6547-41F1-8E63-0B1E2CC055AB.jpg,""
media/EBCD3A42-18EE-4032-A80F-9D5E172B130C.jpg,""
media/74DF1FE3-0CE4-4AD1-88E2-2D9EE3B6C143.jpg,""
media/AE58EBBE-2111-4D48-AC21-BE59FC1DE01E.jpg,""
media/EED5B244-9647-4333-906C-31CF01BD712E.jpg,""
media/D4ACB767-F978-4240-A020-1538D82EB143.jpg,""
media/1404FFB0-6685-47BB-B71C-457C200EC67A.jpg,""
media/8164E8C0-77EF-4FB2-9F51-C07469A09660.jpg,""
media/2AC490F7-0ECD-4984-B4D3-8DA8DC3B81C8.jpg,""
media/FD119A07-7C63-4373-974D-61E9A8C42B2C.jpg,""
media/1082F0F8-3FFD-4572-AD1A-0CF2A27454F9.jpg,""
media/A8DAC0AA-479C-4196-9618-C3CA3A40FC9D.jpg,""
media/C7DB3AE0-94E9-4CF3-B70F-118FE81EE126.jpg,""
media/8C225DBB-EA5D-4350-ACE9-C6C49C7AB4D8.jpg,""
media/35DF56F9-82F3-41E6-B366-5EEA89DB154E.jpg,""
media/1349F34F-8EF2-44FF-87DF-5B7332684E1E.jpg,""
media/63F86BB4-E89F-4232-95A3-F1FC57AC5654.jpg,""
media/7AFC70C2-6124-4ED1-9177-49284BDB292E.jpg,""
media/C5BA3943-9EAB-4F82-9B7E-DE0FE8A0DA48.jpg,""
media/AB767DC1-8922-4AED-B01D-0751560280B7.jpg,""
media/CC2D7EE1-6303-400B-9EFA-245EE495C3E7.jpg,""
media/A4978A50-B69C-4242-9A42-69751B91ADB0.jpg,""
media/816EFF74-18D3-4310-8B2C-997C459AD3EE.jpg,""
media/471A1A77-BCF2-47C1-ACE6-6C68D3CC6F8F.jpg,""
media/94C50017-FEA9-4E22-B44D-200BF615B476.jpg,""
media/8124196F-8C73-4045-8E5B-672A95AE5543.jpg,""
media/52C6F1A7-C218-4335-BBFD-D54D83A32AB2.jpg,""
media/A48433D1-07C6-49CA-B831-0F262C72C434.jpg,""
media/A6EE99C0-72E9-45EF-ADD5-97BAB65EF646.jpg,""
media/B22005E0-F4E3-4589-AA65-819075044271.jpg,""
